{
  "name": "Data transformation",
  "nodes": [
    {
      "parameters": {},
      "id": "3ada6076-1cfb-4c2d-a421-4fce5466fc2d",
      "name": "When clicking \"Execute Workflow\"",
      "type": "n8n-nodes-base.manualTrigger",
      "typeVersion": 1,
      "position": [
        1340,
        840
      ]
    },
    {
      "parameters": {
        "jsCode": "return [\n{\n\"user_id\":\n\"0001\",\n\"username\":\n\"nathan\",\n\"date\":\n\"2023-08-10\",\n\"variant\":\n\"control\",\n\"data_exec_success\":\n\"TRUE\"\n},\n{\n\"user_id\":\n\"0002\",\n\"username\":\n\"natalie\",\n\"date\":\n\"2023-08-10\",\n\"variant\":\n\"control\",\n\"data_exec_success\":\n\"TRUE\"\n},\n{\n\"user_id\":\n\"0003\",\n\"username\":\n\"nadia\",\n\"date\":\n\"2023-08-10\",\n\"variant\":\n\"control\",\n\"data_exec_success\":\n\"FALSE\"\n},\n{\n\"user_id\":\n\"naomi\",\n\"username\":\n\"hkhjk\",\n\"date\":\n\"2023-08-10\",\n\"variant\":\n\"control\",\n\"data_exec_success\":\n\"FALSE\"\n},\n{\n\"user_id\":\n\"0005\",\n\"username\":\n\"nolan\",\n\"date\":\n\"2023-08-10\",\n\"variant\":\n\"control\",\n\"data_exec_success\":\n\"FALSE\"\n}\n]"
      },
      "id": "08e4d878-01ab-4f01-ab27-84ef5afbf581",
      "name": "Code",
      "type": "n8n-nodes-base.code",
      "typeVersion": 2,
      "position": [
        1560,
        840
      ]
    },
    {
      "parameters": {},
      "id": "57a9330b-9e46-42a6-b432-681e906de93a",
      "name": "Join items",
      "type": "n8n-nodes-base.code",
      "typeVersion": 2,
      "position": [
        1780,
        840
      ]
    }
  ],
  "pinData": {},
  "connections": {
    "When clicking \"Execute Workflow\"": {
      "main": [
        [
          {
            "node": "Code",
            "type": "main",
            "index": 0
          }
        ]
      ]
    },
    "Code": {
      "main": [
        [
          {
            "node": "Join items",
            "type": "main",
            "index": 0
          }
        ]
      ]
    }
  },
  "active": false,
  "settings": {
    "executionOrder": "v1"
  },
  "versionId": "d7409102-d3af-4ddf-bead-2df008554458",
  "id": "B4K5I5pN4nqu85ac",
  "meta": {
    "instanceId": "c5aabef739d71e3d0ceb8b6078a241aaf1b145fa71cbbe36ecfb2c8c3fd64f5f"
  },
  "tags": []
}