{
  "name": "Find a piece of data",
  "nodes": [
    {
      "parameters": {},
      "id": "5319a081-f4f9-44ac-a91e-a57270e6eaa8",
      "name": "When clicking \"Execute Workflow\"",
      "type": "n8n-nodes-base.manualTrigger",
      "typeVersion": 1,
      "position": [
        460,
        460
      ]
    },
    {
      "parameters": {
        "jsCode": "return [\n{\n\"title\":\n\"\",\n\"phone\":\n\"\",\n\"skype\":\n\"\",\n\"real_name\":\n\"Nathan Berlin\",\n\"email\": \"nathan@example.io\",\n\"real_name_normalized\":\n\"Nathan Berlin\",\n\"display_name\":\n\"Nathan Berlin\",\n\"display_name_normalized\":\n\"Nathan Berlin\",\n\"fields\":\n{\n},\n\"status_text\":\n\"\",\n\"status_emoji\":\n\"\",\n\"status_emoji_display_info\":\n[\n],\n\"status_expiration\":\n0,\n\"avatar_hash\":\n\"0856f5fbbd43\",\n\"image_original\":\n\"https://example.png\",\n\"is_custom_image\":\ntrue,\n\"huddle_state\":\n\"default_unset\",\n\"huddle_state_expiration_ts\":\n0,\n\"first_name\":\n\"Nathan\",\n\"last_name\":\n\"Berlin\",\n\"image_24\":\n\"https://example.png\",\n\"image_32\":\n\"https://example.png\",\n\"image_48\":\n\"https://example.png\",\n\"image_72\":\n\"https://example.png\",\n\"image_192\":\n\"https://example.png\",\n\"image_512\":\n\"https://example.png\",\n\"image_1024\":\n\"https://example.png\",\n\"status_text_canonical\":\n\"\"\n}\n]"
      },
      "id": "3ec439bc-7e3f-4ec2-b724-092466efaa18",
      "name": "Mock Slack",
      "type": "n8n-nodes-base.code",
      "typeVersion": 2,
      "position": [
        680,
        460
      ]
    },
    {
      "parameters": {
        "jsCode": "return [\n{\n\"object\":\n\"user\",\n\"id\":\n\"1234\",\n\"name\":\n\"Nathan Berlin\",\n\"avatar_url\":\n\"https://example.jpeg\",\n\"type\":\n\"person\",\n\"person\":\n{\n\"email\":\n\"nathan@example.io\"\n}\n},\n{\n\"object\":\n\"user\",\n\"id\":\n\"5678\",\n\"name\":\n\"Natalie Berlin\",\n\"avatar_url\":\n\"https://example.jpeg\",\n\"type\":\n\"person\",\n\"person\":\n{\n\"email\":\n\"natalie@example.io\"\n}\n}\n]"
      },
      "id": "4bb97ec6-c73a-4f01-b935-a94ffbf15d23",
      "name": "Mock Notion",
      "type": "n8n-nodes-base.code",
      "typeVersion": 2,
      "position": [
        900,
        460
      ]
    },
    {
      "parameters": {},
      "id": "330ecf72-cff0-4ada-9b04-b1c99bb0f4de",
      "name": "Code",
      "type": "n8n-nodes-base.code",
      "typeVersion": 2,
      "position": [
        1120,
        460
      ]
    }
  ],
  "pinData": {},
  "connections": {
    "When clicking \"Execute Workflow\"": {
      "main": [
        [
          {
            "node": "Mock Slack",
            "type": "main",
            "index": 0
          }
        ]
      ]
    },
    "Mock Slack": {
      "main": [
        [
          {
            "node": "Mock Notion",
            "type": "main",
            "index": 0
          }
        ]
      ]
    },
    "Mock Notion": {
      "main": [
        [
          {
            "node": "Code",
            "type": "main",
            "index": 0
          }
        ]
      ]
    }
  },
  "active": false,
  "settings": {
    "executionOrder": "v1"
  },
  "versionId": "81cabd2b-2854-4afb-b656-90a0cb77fa96",
  "id": "3Brrdjs5aRHo57EX",
  "meta": {
    "instanceId": "c5aabef739d71e3d0ceb8b6078a241aaf1b145fa71cbbe36ecfb2c8c3fd64f5f"
  },
  "tags": []
}